typeCode,freqCode,refPeriodId,refYear,refMonth,period,reporterCode,reporterISO,reporterDesc,flowCode,flowDesc,partnerCode,partnerISO,partnerDesc,partner2Code,partner2ISO,partner2Desc,classificationCode,classificationSearchCode,isOriginalClassification,cmdCode,cmdDesc,aggrLevel,isLeaf,customsCode,customsDesc,mosCode,motCode,motDesc,qtyUnitCode,qtyUnitAbbr,qty,isQtyEstimated,altQtyUnitCode,altQtyUnitAbbr,altQty,isAltQtyEstimated,netWgt,isNetWgtEstimated,grossWgt,isGrossWgtEstimated,cifvalue,fobvalue,primaryValue,legacyEstimationFlag,isReported,isAggregate
C,A,20230101,2023,52,2023,180,COD,Dem. Rep. of the Congo,X,Export,76,BRA,Brazil,0,W00,World,H4,HS,true,6309,Textiles; worn clothing and other worn articles,4,false,C00,TOTAL CPC,0,0,TOTAL MOT,8,kg,42.0,false,8,kg,42.0,false,42.0,false,0.0,false,,1004.269,1004.269,0,false,true
C,A,20230101,2023,52,2023,180,COD,Dem. Rep. of the Congo,X,Export,76,BRA,Brazil,0,W00,World,H4,HS,true,8708,"Motor vehicles; parts and accessories, of heading no. 8701 to 8705",4,false,C00,TOTAL CPC,0,0,TOTAL MOT,8,kg,40.0,false,8,kg,40.0,false,40.0,false,0.0,false,,621.758,621.758,0,false,true
C,A,20230101,2023,52,2023,275,PSE,State of Palestine,X,Export,76,BRA,Brazil,0,W00,World,H4,HS,true,0804,"Dates, figs, pineapples, avocados, guavas, mangoes and mangosteens; fresh or dried",4,false,C00,TOTAL CPC,0,0,TOTAL MOT,8,kg,84874.844,true,-1,N/A,0.0,false,84874.844,true,0.0,false,,385000.0,385000.0,6,false,true
C,A,20230101,2023,52,2023,780,TTO,Trinidad and Tobago,X,Export,76,BRA,Brazil,0,W00,World,H4,HS,true,0210,"Meat and edible meat offal; salted, in brine, dried or smoked; edible flours and meals of meat or meat offal",4,false,C00,TOTAL CPC,0,0,TOTAL MOT,8,kg,29.0,false,8,kg,29.0,false,29.0,false,0.0,false,,33.776,33.776,0,false,true
C,A,20230101,2023,52,2023,780,TTO,Trinidad and Tobago,X,Export,76,BRA,Brazil,0,W00,World,H4,HS,true,0210,"Meat and edible meat offal; salted, in brine, dried or smoked; edible flours and meals of meat or meat offal",4,false,C00,TOTAL CPC,0,2100,Sea,8,kg,29.0,false,8,kg,29.0,false,29.0,false,0.0,false,,33.776,33.776,0,false,true
C,A,20230101,2023,52,2023,780,TTO,Trinidad and Tobago,X,Export,76,BRA,Brazil,0,W00,World,H4,HS,true,0407,"Birds' eggs, in shell; fresh, preserved or cooked",4,false,C00,TOTAL CPC,0,0,TOTAL MOT,8,kg,15.0,false,8,kg,15.0,false,15.0,false,0.0,false,,18.222,18.222,0,false,true
C,A,20230101,2023,52,2023,780,TTO,Trinidad and Tobago,X,Export,76,BRA,Brazil,0,W00,World,H4,HS,true,0407,"Birds' eggs, in shell; fresh, preserved or cooked",4,false,C00,TOTAL CPC,0,2100,Sea,8,kg,15.0,false,8,kg,15.0,false,15.0,false,0.0,false,,18.222,18.222,0,false,true
C,A,20230101,2023,52,2023,780,TTO,Trinidad and Tobago,X,Export,76,BRA,Brazil,0,W00,World,H4,HS,true,0703,"Onions, shallots, garlic, leeks and other alliaceous vegetables; fresh or chilled",4,false,C00,TOTAL CPC,0,0,TOTAL MOT,8,kg,6.0,false,8,kg,6.0,false,6.0,false,0.0,false,,18.814,18.814,0,false,true
C,A,20230101,2023,52,2023,780,TTO,Trinidad and Tobago,X,Export,76,BRA,Brazil,0,W00,World,H4,HS,true,0703,"Onions, shallots, garlic, leeks and other alliaceous vegetables; fresh or chilled",4,false,C00,TOTAL CPC,0,2100,Sea,8,kg,6.0,false,8,kg,6.0,false,6.0,false,0.0,false,,18.814,18.814,0,false,true
C,A,20230101,2023,52,2023,780,TTO,Trinidad and Tobago,X,Export,76,BRA,Brazil,0,W00,World,H4,HS,true,0704,"Cabbages, cauliflowers, kohlrabi, kale and similar edible brassicas; fresh or chilled",4,false,C00,TOTAL CPC,0,0,TOTAL MOT,8,kg,19.0,false,8,kg,19.0,false,19.0,false,0.0,false,,37.48,37.48,0,false,true
C,A,20230101,2023,52,2023,780,TTO,Trinidad and Tobago,X,Export,76,BRA,Brazil,0,W00,World,H4,HS,true,0704,"Cabbages, cauliflowers, kohlrabi, kale and similar edible brassicas; fresh or chilled",4,false,C00,TOTAL CPC,0,2100,Sea,8,kg,19.0,false,8,kg,19.0,false,19.0,false,0.0,false,,37.48,37.48,0,false,true
C,A,20230101,2023,52,2023,780,TTO,Trinidad and Tobago,X,Export,76,BRA,Brazil,0,W00,World,H4,HS,true,0705,Lettuce (lactuca sativa) and chicory (cichorium spp.) fresh or chilled,4,false,C00,TOTAL CPC,0,0,TOTAL MOT,8,kg,10.0,false,8,kg,10.0,false,10.0,false,0.0,false,,23.11,23.11,0,false,true
C,A,20230101,2023,52,2023,780,TTO,Trinidad and Tobago,X,Export,76,BRA,Brazil,0,W00,World,H4,HS,true,0705,Lettuce (lactuca sativa) and chicory (cichorium spp.) fresh or chilled,4,false,C00,TOTAL CPC,0,2100,Sea,8,kg,10.0,false,8,kg,10.0,false,10.0,false,0.0,false,,23.11,23.11,0,false,true
C,A,20230101,2023,52,2023,780,TTO,Trinidad and Tobago,X,Export,76,BRA,Brazil,0,W00,World,H4,HS,true,0706,"Carrots, turnips, salad beetroot, salsify, celeriac, radishes and similar edible roots; fresh or chilled",4,false,C00,TOTAL CPC,0,0,TOTAL MOT,8,kg,3.0,false,8,kg,3.0,false,3.0,false,0.0,false,,12.0,12.0,0,false,true
C,A,20230101,2023,52,2023,780,TTO,Trinidad and Tobago,X,Export,76,BRA,Brazil,0,W00,World,H4,HS,true,0706,"Carrots, turnips, salad beetroot, salsify, celeriac, radishes and similar edible roots; fresh or chilled",4,false,C00,TOTAL CPC,0,2100,Sea,8,kg,3.0,false,8,kg,3.0,false,3.0,false,0.0,false,,12.0,12.0,0,false,true
C,A,20230101,2023,52,2023,780,TTO,Trinidad and Tobago,X,Export,76,BRA,Brazil,0,W00,World,H4,HS,true,0707,Cucumbers and gherkins; fresh or chilled,4,false,C00,TOTAL CPC,0,0,TOTAL MOT,8,kg,4.0,false,8,kg,4.0,false,4.0,false,0.0,false,,10.074,10.074,0,false,true
C,A,20230101,2023,52,2023,780,TTO,Trinidad and Tobago,X,Export,76,BRA,Brazil,0,W00,World,H4,HS,true,0707,Cucumbers and gherkins; fresh or chilled,4,false,C00,TOTAL CPC,0,2100,Sea,8,kg,4.0,false,8,kg,4.0,false,4.0,false,0.0,false,,10.074,10.074,0,false,true
C,A,20230101,2023,52,2023,780,TTO,Trinidad and Tobago,X,Export,76,BRA,Brazil,0,W00,World,H4,HS,true,0709,"Vegetables; n.e.c. in chapter 07, fresh or chilled",4,false,C00,TOTAL CPC,0,0,TOTAL MOT,8,kg,2.0,false,8,kg,2.0,false,2.0,false,0.0,false,,17.333,17.333,0,false,true
C,A,20230101,2023,52,2023,780,TTO,Trinidad and Tobago,X,Export,76,BRA,Brazil,0,W00,World,H4,HS,true,0709,"Vegetables; n.e.c. in chapter 07, fresh or chilled",4,false,C00,TOTAL CPC,0,2100,Sea,8,kg,2.0,false,8,kg,2.0,false,2.0,false,0.0,false,,17.333,17.333,0,false,true
C,A,20230101,2023,52,2023,780,TTO,Trinidad and Tobago,X,Export,76,BRA,Brazil,0,W00,World,H4,HS,true,0710,Vegetables (uncooked or cooked by steaming or boiling in water); frozen,4,false,C00,TOTAL CPC,0,0,TOTAL MOT,8,kg,19.0,false,8,kg,19.0,false,19.0,false,0.0,false,,30.073,30.073,0,false,true
C,A,20230101,2023,52,2023,780,TTO,Trinidad and Tobago,X,Export,76,BRA,Brazil,0,W00,World,H4,HS,true,0710,Vegetables (uncooked or cooked by steaming or boiling in water); frozen,4,false,C00,TOTAL CPC,0,2100,Sea,8,kg,19.0,false,8,kg,19.0,false,19.0,false,0.0,false,,30.073,30.073,0,false,true
C,A,20230101,2023,52,2023,780,TTO,Trinidad and Tobago,X,Export,76,BRA,Brazil,0,W00,World,H4,HS,true,1509,"Olive oil and its fractions; whether or not refined, but not chemically modified",4,false,C00,TOTAL CPC,0,0,TOTAL MOT,8,kg,28.0,false,7,l,45.0,false,28.0,false,0.0,false,,28.147,28.147,0,false,true
C,A,20230101,2023,52,2023,780,TTO,Trinidad and Tobago,X,Export,76,BRA,Brazil,0,W00,World,H4,HS,true,1509,"Olive oil and its fractions; whether or not refined, but not chemically modified",4,false,C00,TOTAL CPC,0,2100,Sea,8,kg,28.0,false,7,l,45.0,false,28.0,false,0.0,false,,28.147,28.147,0,false,true
C,A,20230101,2023,52,2023,780,TTO,Trinidad and Tobago,X,Export,76,BRA,Brazil,0,W00,World,H4,HS,true,1601,"Sausages and similar products of meat, meat offal or blood; food preparations based on these products",4,false,C00,TOTAL CPC,0,0,TOTAL MOT,8,kg,24829.0,false,8,kg,24829.0,false,24829.0,false,0.0,false,,41817.93,41817.93,0,false,true
C,A,20230101,2023,52,2023,780,TTO,Trinidad and Tobago,X,Export,76,BRA,Brazil,0,W00,World,H4,HS,true,1601,"Sausages and similar products of meat, meat offal or blood; food preparations based on these products",4,false,C00,TOTAL CPC,0,2100,Sea,8,kg,24829.0,false,8,kg,24829.0,false,24829.0,false,0.0,false,,41817.93,41817.93,0,false,true
C,A,20230101,2023,52,2023,780,TTO,Trinidad and Tobago,X,Export,76,BRA,Brazil,0,W00,World,H4,HS,true,2103,"Sauces and preparations therefor; mixed condiments and mixed seasonings, mustard flour and meal and prepared mustard",4,false,C00,TOTAL CPC,0,0,TOTAL MOT,8,kg,18570.0,false,7,l,9156.0,false,18570.0,false,0.0,false,,241436.838,241436.838,0,false,true
C,A,20230101,2023,52,2023,780,TTO,Trinidad and Tobago,X,Export,76,BRA,Brazil,0,W00,World,H4,HS,true,2103,"Sauces and preparations therefor; mixed condiments and mixed seasonings, mustard flour and meal and prepared mustard",4,false,C00,TOTAL CPC,0,2100,Sea,8,kg,18570.0,false,7,l,9156.0,false,18570.0,false,0.0,false,,241436.838,241436.838,0,false,true
C,A,20230101,2023,52,2023,780,TTO,Trinidad and Tobago,X,Export,76,BRA,Brazil,0,W00,World,H4,HS,true,2202,"Waters, including mineral and aerated waters, containing added sugar or sweetening matter, flavoured; other non-alcoholic beverages, not including fruit or vegetable juices of heading no. 2009",4,false,C00,TOTAL CPC,0,0,TOTAL MOT,7,l,1148.0,false,7,l,1148.0,false,849.0,false,0.0,false,,999.22,999.22,0,false,true
C,A,20230101,2023,52,2023,780,TTO,Trinidad and Tobago,X,Export,76,BRA,Brazil,0,W00,World,H4,HS,true,2202,"Waters, including mineral and aerated waters, containing added sugar or sweetening matter, flavoured; other non-alcoholic beverages, not including fruit or vegetable juices of heading no. 2009",4,false,C00,TOTAL CPC,0,2100,Sea,7,l,1148.0,false,7,l,1148.0,false,849.0,false,0.0,false,,999.22,999.22,0,false,true
C,A,20230101,2023,52,2023,780,TTO,Trinidad and Tobago,X,Export,76,BRA,Brazil,0,W00,World,H4,HS,true,2208,"Ethyl alcohol, undenatured; of an alcoholic strength by volume of less than 80% volume; spirits, liqueurs and other spirituous beverages",4,false,C00,TOTAL CPC,0,0,TOTAL MOT,7,l,1166.0,false,7,l,1166.0,false,1837.0,false,0.0,false,,12473.886,12473.886,0,false,true
C,A,20230101,2023,52,2023,780,TTO,Trinidad and Tobago,X,Export,76,BRA,Brazil,0,W00,World,H4,HS,true,2208,"Ethyl alcohol, undenatured; of an alcoholic strength by volume of less than 80% volume; spirits, liqueurs and other spirituous beverages",4,false,C00,TOTAL CPC,0,2100,Sea,7,l,1166.0,false,7,l,1166.0,false,1837.0,false,0.0,false,,12473.886,12473.886,0,false,true
C,A,20230101,2023,52,2023,780,TTO,Trinidad and Tobago,X,Export,76,BRA,Brazil,0,W00,World,H4,HS,true,2402,"Cigars, cheroots, cigarillos and cigarettes; of tobacco or of tobacco substitutes",4,false,C00,TOTAL CPC,0,0,TOTAL MOT,8,kg,4.0,false,8,kg,4.0,false,4.0,false,0.0,false,,23.11,23.11,0,false,true
C,A,20230101,2023,52,2023,780,TTO,Trinidad and Tobago,X,Export,76,BRA,Brazil,0,W00,World,H4,HS,true,2402,"Cigars, cheroots, cigarillos and cigarettes; of tobacco or of tobacco substitutes",4,false,C00,TOTAL CPC,0,1000,Air,8,kg,4.0,false,8,kg,4.0,false,4.0,false,0.0,false,,23.11,23.11,0,false,true
C,A,20230101,2023,52,2023,780,TTO,Trinidad and Tobago,X,Export,76,BRA,Brazil,0,W00,World,H4,HS,true,2710,"Petroleum oils and oils from bituminous minerals, not crude; preparations n.e.c, containing by weight 70% or more of petroleum oils or oils from bituminous minerals; these being the basic constituents of the preparations; waste oils",4,false,C00,TOTAL CPC,0,0,TOTAL MOT,8,kg,1158.0,false,12,m³,1310.0,false,1158.0,false,0.0,false,,1115387.461,1115387.461,0,false,true
C,A,20230101,2023,52,2023,780,TTO,Trinidad and Tobago,X,Export,76,BRA,Brazil,0,W00,World,H4,HS,true,2710,"Petroleum oils and oils from bituminous minerals, not crude; preparations n.e.c, containing by weight 70% or more of petroleum oils or oils from bituminous minerals; these being the basic constituents of the preparations; waste oils",4,false,C00,TOTAL CPC,0,2100,Sea,8,kg,1158.0,false,12,m³,1310.0,false,1158.0,false,0.0,false,,1115387.461,1115387.461,0,false,true
C,A,20230101,2023,52,2023,780,TTO,Trinidad and Tobago,X,Export,76,BRA,Brazil,0,W00,World,H4,HS,true,2714,"Bitumen and asphalt, natural; bituminous or oil shale and tar sands; asphaltites and asphaltic rocks",4,false,C00,TOTAL CPC,0,0,TOTAL MOT,8,kg,235483.0,false,8,kg,235483.0,false,235483.0,false,0.0,false,,94580.916,94580.916,0,false,true
C,A,20230101,2023,52,2023,780,TTO,Trinidad and Tobago,X,Export,76,BRA,Brazil,0,W00,World,H4,HS,true,2714,"Bitumen and asphalt, natural; bituminous or oil shale and tar sands; asphaltites and asphaltic rocks",4,false,C00,TOTAL CPC,0,2100,Sea,8,kg,235483.0,false,8,kg,235483.0,false,235483.0,false,0.0,false,,94580.916,94580.916,0,false,true
C,A,20230101,2023,52,2023,780,TTO,Trinidad and Tobago,X,Export,76,BRA,Brazil,0,W00,World,H4,HS,true,2814,Ammonia; anhydrous or in aqueous solution,4,false,C00,TOTAL CPC,0,0,TOTAL MOT,8,kg,75681400.0,false,8,kg,75681400.0,false,75681400.0,false,0.0,false,,44278690.635,44278690.635,0,false,true
C,A,20230101,2023,52,2023,780,TTO,Trinidad and Tobago,X,Export,76,BRA,Brazil,0,W00,World,H4,HS,true,2814,Ammonia; anhydrous or in aqueous solution,4,false,C00,TOTAL CPC,0,2100,Sea,8,kg,75681400.0,false,8,kg,75681400.0,false,75681400.0,false,0.0,false,,44278690.635,44278690.635,0,false,true
C,A,20230101,2023,52,2023,780,TTO,Trinidad and Tobago,X,Export,76,BRA,Brazil,0,W00,World,H4,HS,true,2853,"Inorganic compounds n.e.c. (including distilled or conductivity water and water of similar purity); liquid air (rare gases removed or not); compressed air; amalgams, other than precious metal amalgams",4,false,C00,TOTAL CPC,0,0,TOTAL MOT,8,kg,17753.0,false,8,kg,17753.0,false,17753.0,false,0.0,false,,29507.149,29507.149,0,false,true
C,A,20230101,2023,52,2023,780,TTO,Trinidad and Tobago,X,Export,76,BRA,Brazil,0,W00,World,H4,HS,true,2853,"Inorganic compounds n.e.c. (including distilled or conductivity water and water of similar purity); liquid air (rare gases removed or not); compressed air; amalgams, other than precious metal amalgams",4,false,C00,TOTAL CPC,0,2100,Sea,8,kg,17753.0,false,8,kg,17753.0,false,17753.0,false,0.0,false,,29507.149,29507.149,0,false,true
C,A,20230101,2023,52,2023,780,TTO,Trinidad and Tobago,X,Export,76,BRA,Brazil,0,W00,World,H4,HS,true,2905,"Acyclic alcohols and their halogenated, sulphonated, nitrated or nitrosated derivatives",4,false,C00,TOTAL CPC,0,0,TOTAL MOT,8,kg,422449000.0,false,8,kg,422449000.0,false,422449000.0,false,0.0,false,,134338547.727,134338547.727,0,false,true
C,A,20230101,2023,52,2023,780,TTO,Trinidad and Tobago,X,Export,76,BRA,Brazil,0,W00,World,H4,HS,true,2905,"Acyclic alcohols and their halogenated, sulphonated, nitrated or nitrosated derivatives",4,false,C00,TOTAL CPC,0,2100,Sea,8,kg,422449000.0,false,8,kg,422449000.0,false,422449000.0,false,0.0,false,,134338547.727,134338547.727,0,false,true
C,A,20230101,2023,52,2023,780,TTO,Trinidad and Tobago,X,Export,76,BRA,Brazil,0,W00,World,H4,HS,true,3102,"Fertilizers; mineral or chemical, nitrogenous",4,false,C00,TOTAL CPC,0,0,TOTAL MOT,8,kg,57958100.0,false,8,kg,57958100.0,false,57958100.0,false,0.0,false,,26371024.466,26371024.466,0,false,true
C,A,20230101,2023,52,2023,780,TTO,Trinidad and Tobago,X,Export,76,BRA,Brazil,0,W00,World,H4,HS,true,3102,"Fertilizers; mineral or chemical, nitrogenous",4,false,C00,TOTAL CPC,0,2100,Sea,8,kg,57958100.0,false,8,kg,57958100.0,false,57958100.0,false,0.0,false,,26371024.466,26371024.466,0,false,true
C,A,20230101,2023,52,2023,780,TTO,Trinidad and Tobago,X,Export,76,BRA,Brazil,0,W00,World,H4,HS,true,3204,Synthetic organic colouring matter and preparations based thereon; synthetic organic products used as fluorescent brightening agents or as luminophores; whether or not chemically defined,4,false,C00,TOTAL CPC,0,0,TOTAL MOT,8,kg,261.0,false,8,kg,261.0,false,261.0,false,0.0,false,,10092.2,10092.2,0,false,true
C,A,20230101,2023,52,2023,780,TTO,Trinidad and Tobago,X,Export,76,BRA,Brazil,0,W00,World,H4,HS,true,3204,Synthetic organic colouring matter and preparations based thereon; synthetic organic products used as fluorescent brightening agents or as luminophores; whether or not chemically defined,4,false,C00,TOTAL CPC,0,1000,Air,8,kg,261.0,false,8,kg,261.0,false,261.0,false,0.0,false,,10092.2,10092.2,0,false,true
C,A,20230101,2023,52,2023,780,TTO,Trinidad and Tobago,X,Export,76,BRA,Brazil,0,W00,World,H4,HS,true,3921,"Plastic plates, sheets, film, foil and strip n.e.c. in chapter 39",4,false,C00,TOTAL CPC,0,0,TOTAL MOT,8,kg,49.0,false,8,kg,49.0,false,49.0,false,0.0,false,,175.697,175.697,0,false,true
C,A,20230101,2023,52,2023,780,TTO,Trinidad and Tobago,X,Export,76,BRA,Brazil,0,W00,World,H4,HS,true,3921,"Plastic plates, sheets, film, foil and strip n.e.c. in chapter 39",4,false,C00,TOTAL CPC,0,2100,Sea,8,kg,49.0,false,8,kg,49.0,false,49.0,false,0.0,false,,175.697,175.697,0,false,true
C,A,20230101,2023,52,2023,780,TTO,Trinidad and Tobago,X,Export,76,BRA,Brazil,0,W00,World,H4,HS,true,3926,"Articles of plastics and articles of other materials of heading no. 3901 to 3914, n.e.c. in chapter 39",4,false,C00,TOTAL CPC,0,0,TOTAL MOT,8,kg,13.0,false,8,kg,13.0,false,13.0,false,0.0,false,,1347.355,1347.355,0,false,true
C,A,20230101,2023,52,2023,780,TTO,Trinidad and Tobago,X,Export,76,BRA,Brazil,0,W00,World,H4,HS,true,3926,"Articles of plastics and articles of other materials of heading no. 3901 to 3914, n.e.c. in chapter 39",4,false,C00,TOTAL CPC,0,1000,Air,8,kg,13.0,false,8,kg,13.0,false,13.0,false,0.0,false,,1347.355,1347.355,0,false,true
C,A,20230101,2023,52,2023,780,TTO,Trinidad and Tobago,X,Export,76,BRA,Brazil,0,W00,World,H4,HS,true,4009,"Tubes, pipes and hoses, of vulcanised rubber (other than hard rubber), with or without their fittings (e.g. joints, elbows, flanges)",4,false,C00,TOTAL CPC,0,0,TOTAL MOT,8,kg,3494.0,false,8,kg,3494.0,false,3494.0,false,0.0,false,,62311.504,62311.504,0,false,true
C,A,20230101,2023,52,2023,780,TTO,Trinidad and Tobago,X,Export,76,BRA,Brazil,0,W00,World,H4,HS,true,4009,"Tubes, pipes and hoses, of vulcanised rubber (other than hard rubber), with or without their fittings (e.g. joints, elbows, flanges)",4,false,C00,TOTAL CPC,0,1000,Air,8,kg,2945.0,false,8,kg,2945.0,false,2945.0,false,0.0,false,,42398.5,42398.5,0,false,true
C,A,20230101,2023,52,2023,780,TTO,Trinidad and Tobago,X,Export,76,BRA,Brazil,0,W00,World,H4,HS,true,4009,"Tubes, pipes and hoses, of vulcanised rubber (other than hard rubber), with or without their fittings (e.g. joints, elbows, flanges)",4,false,C00,TOTAL CPC,0,2100,Sea,8,kg,549.0,false,8,kg,549.0,false,549.0,false,0.0,false,,19913.004,19913.004,0,false,true
C,A,20230101,2023,52,2023,780,TTO,Trinidad and Tobago,X,Export,76,BRA,Brazil,0,W00,World,H4,HS,true,4016,"Articles of vulcanised rubber other than hard rubber, n.e.c. in chapter 40",4,false,C00,TOTAL CPC,0,0,TOTAL MOT,8,kg,92.513,true,-1,N/A,0.0,false,92.513,true,0.0,false,,976.851,976.851,6,false,true
C,A,20230101,2023,52,2023,780,TTO,Trinidad and Tobago,X,Export,76,BRA,Brazil,0,W00,World,H4,HS,true,4016,"Articles of vulcanised rubber other than hard rubber, n.e.c. in chapter 40",4,false,C00,TOTAL CPC,0,1000,Air,8,kg,92.513,true,-1,N/A,0.0,false,92.513,true,0.0,false,,976.851,976.851,6,false,true
C,A,20230101,2023,52,2023,780,TTO,Trinidad and Tobago,X,Export,76,BRA,Brazil,0,W00,World,H4,HS,true,4823,"Paper, paperboard, cellulose wadding and webs of cellulose fibres; cut to size or shape, articles of paper pulp, paper and paper-board, cellulose wadding or webs of cellulose fibres, n.e.c. in chapter 48",4,false,C00,TOTAL CPC,0,0,TOTAL MOT,8,kg,200.0,false,8,kg,200.0,false,200.0,false,0.0,false,,4210.799,4210.799,0,false,true
C,A,20230101,2023,52,2023,780,TTO,Trinidad and Tobago,X,Export,76,BRA,Brazil,0,W00,World,H4,HS,true,4823,"Paper, paperboard, cellulose wadding and webs of cellulose fibres; cut to size or shape, articles of paper pulp, paper and paper-board, cellulose wadding or webs of cellulose fibres, n.e.c. in chapter 48",4,false,C00,TOTAL CPC,0,2100,Sea,8,kg,200.0,false,8,kg,200.0,false,200.0,false,0.0,false,,4210.799,4210.799,0,false,true
C,A,20230101,2023,52,2023,780,TTO,Trinidad and Tobago,X,Export,76,BRA,Brazil,0,W00,World,H4,HS,true,4902,"Newspapers, journals and periodicals, whether or not illustrated or containing advertising material",4,false,C00,TOTAL CPC,0,0,TOTAL MOT,8,kg,58.0,false,8,kg,58.0,false,58.0,false,0.0,false,,280.285,280.285,0,false,true
C,A,20230101,2023,52,2023,780,TTO,Trinidad and Tobago,X,Export,76,BRA,Brazil,0,W00,World,H4,HS,true,4902,"Newspapers, journals and periodicals, whether or not illustrated or containing advertising material",4,false,C00,TOTAL CPC,0,1000,Air,8,kg,58.0,false,8,kg,58.0,false,58.0,false,0.0,false,,280.285,280.285,0,false,true
C,A,20230101,2023,52,2023,780,TTO,Trinidad and Tobago,X,Export,76,BRA,Brazil,0,W00,World,H4,HS,true,6307,"Textiles; made up articles n.e.c. in chapter 63, including dress patterns",4,false,C00,TOTAL CPC,0,0,TOTAL MOT,8,kg,174.0,false,8,kg,174.0,false,174.0,false,0.0,false,,2333.095,2333.095,0,false,true
C,A,20230101,2023,52,2023,780,TTO,Trinidad and Tobago,X,Export,76,BRA,Brazil,0,W00,World,H4,HS,true,6307,"Textiles; made up articles n.e.c. in chapter 63, including dress patterns",4,false,C00,TOTAL CPC,0,2100,Sea,8,kg,174.0,false,8,kg,174.0,false,174.0,false,0.0,false,,2333.095,2333.095,0,false,true
C,A,20230101,2023,52,2023,780,TTO,Trinidad and Tobago,X,Export,76,BRA,Brazil,0,W00,World,H4,HS,true,7010,"Carboys, bottles, flasks, jars, pots, phials, ampoules, containers of glass of a kind used for the conveyance or packing of goods; preserving jars of glass; stoppers, lids and other closures of glass",4,false,C00,TOTAL CPC,0,0,TOTAL MOT,8,kg,2678042.0,false,5,u,12428302.0,false,2678042.0,false,0.0,false,,1599071.475,1599071.475,0,false,true
C,A,20230101,2023,52,2023,780,TTO,Trinidad and Tobago,X,Export,76,BRA,Brazil,0,W00,World,H4,HS,true,7010,"Carboys, bottles, flasks, jars, pots, phials, ampoules, containers of glass of a kind used for the conveyance or packing of goods; preserving jars of glass; stoppers, lids and other closures of glass",4,false,C00,TOTAL CPC,0,2100,Sea,8,kg,2678042.0,false,5,u,12428302.0,false,2678042.0,false,0.0,false,,1599071.475,1599071.475,0,false,true
C,A,20230101,2023,52,2023,780,TTO,Trinidad and Tobago,X,Export,76,BRA,Brazil,0,W00,World,H4,HS,true,7205,"Granules and powders, of pig iron, spiegeleisen, iron or steel",4,false,C00,TOTAL CPC,0,0,TOTAL MOT,8,kg,131.0,false,8,kg,131.0,false,131.0,false,0.0,false,,30.073,30.073,0,false,true
C,A,20230101,2023,52,2023,780,TTO,Trinidad and Tobago,X,Export,76,BRA,Brazil,0,W00,World,H4,HS,true,7205,"Granules and powders, of pig iron, spiegeleisen, iron or steel",4,false,C00,TOTAL CPC,0,1000,Air,8,kg,131.0,false,8,kg,131.0,false,131.0,false,0.0,false,,30.073,30.073,0,false,true
C,A,20230101,2023,52,2023,780,TTO,Trinidad and Tobago,X,Export,76,BRA,Brazil,0,W00,World,H4,HS,true,7307,"Tube or pipe fittings (e.g. couplings, elbows, sleeves), of iron or steel",4,false,C00,TOTAL CPC,0,0,TOTAL MOT,8,kg,4.0,false,8,kg,4.0,false,4.0,false,0.0,false,,2809.372,2809.372,0,false,true
C,A,20230101,2023,52,2023,780,TTO,Trinidad and Tobago,X,Export,76,BRA,Brazil,0,W00,World,H4,HS,true,7307,"Tube or pipe fittings (e.g. couplings, elbows, sleeves), of iron or steel",4,false,C00,TOTAL CPC,0,1000,Air,8,kg,4.0,false,8,kg,4.0,false,4.0,false,0.0,false,,2809.372,2809.372,0,false,true
C,A,20230101,2023,52,2023,780,TTO,Trinidad and Tobago,X,Export,76,BRA,Brazil,0,W00,World,H4,HS,true,7312,"Stranded wire, ropes, cables, plaited bands, slings and the like, of iron or steel, not electrically insulated",4,false,C00,TOTAL CPC,0,0,TOTAL MOT,8,kg,3000.0,false,8,kg,3000.0,false,3000.0,false,0.0,false,,3473.939,3473.939,0,false,true
C,A,20230101,2023,52,2023,780,TTO,Trinidad and Tobago,X,Export,76,BRA,Brazil,0,W00,World,H4,HS,true,7312,"Stranded wire, ropes, cables, plaited bands, slings and the like, of iron or steel, not electrically insulated",4,false,C00,TOTAL CPC,0,1000,Air,8,kg,3000.0,false,8,kg,3000.0,false,3000.0,false,0.0,false,,3473.939,3473.939,0,false,true
C,A,20230101,2023,52,2023,780,TTO,Trinidad and Tobago,X,Export,76,BRA,Brazil,0,W00,World,H4,HS,true,7318,"Screws, bolts, nuts, coach screws, screw hooks, rivets, cotters, cotter-pins, washers (including spring washers) and similar articles, of iron or steel",4,false,C00,TOTAL CPC,0,0,TOTAL MOT,8,kg,130.475,true,-1,N/A,0.0,false,130.475,true,0.0,false,,1828.522,1828.522,6,false,true
C,A,20230101,2023,52,2023,780,TTO,Trinidad and Tobago,X,Export,76,BRA,Brazil,0,W00,World,H4,HS,true,7318,"Screws, bolts, nuts, coach screws, screw hooks, rivets, cotters, cotter-pins, washers (including spring washers) and similar articles, of iron or steel",4,false,C00,TOTAL CPC,0,1000,Air,8,kg,130.475,true,-1,N/A,0.0,false,130.475,true,0.0,false,,1828.522,1828.522,6,false,true
C,A,20230101,2023,52,2023,780,TTO,Trinidad and Tobago,X,Export,76,BRA,Brazil,0,W00,World,H4,HS,true,7320,"Springs and leaves for springs, of iron or steel",4,false,C00,TOTAL CPC,0,0,TOTAL MOT,8,kg,26.0,false,8,kg,26.0,false,26.0,false,0.0,false,,1417.426,1417.426,0,false,true
C,A,20230101,2023,52,2023,780,TTO,Trinidad and Tobago,X,Export,76,BRA,Brazil,0,W00,World,H4,HS,true,7320,"Springs and leaves for springs, of iron or steel",4,false,C00,TOTAL CPC,0,1000,Air,8,kg,26.0,false,8,kg,26.0,false,26.0,false,0.0,false,,1417.426,1417.426,0,false,true
C,A,20230101,2023,52,2023,780,TTO,Trinidad and Tobago,X,Export,76,BRA,Brazil,0,W00,World,H4,HS,true,7326,"Iron or steel; articles, n.e.c. in chapter 73",4,false,C00,TOTAL CPC,0,0,TOTAL MOT,8,kg,4405.0,false,8,kg,4405.0,false,4405.0,false,0.0,false,,33659.877,33659.877,0,false,true
C,A,20230101,2023,52,2023,780,TTO,Trinidad and Tobago,X,Export,76,BRA,Brazil,0,W00,World,H4,HS,true,7326,"Iron or steel; articles, n.e.c. in chapter 73",4,false,C00,TOTAL CPC,0,1000,Air,8,kg,5.0,false,8,kg,5.0,false,5.0,false,0.0,false,,787.969,787.969,0,false,true
C,A,20230101,2023,52,2023,780,TTO,Trinidad and Tobago,X,Export,76,BRA,Brazil,0,W00,World,H4,HS,true,7326,"Iron or steel; articles, n.e.c. in chapter 73",4,false,C00,TOTAL CPC,0,2100,Sea,8,kg,4400.0,false,8,kg,4400.0,false,4400.0,false,0.0,false,,32871.907,32871.907,0,false,true
C,A,20230101,2023,52,2023,780,TTO,Trinidad and Tobago,X,Export,76,BRA,Brazil,0,W00,World,H4,HS,true,7508,Nickel; articles thereof n.e.c. in chapter 75,4,false,C00,TOTAL CPC,0,0,TOTAL MOT,8,kg,2.0,false,8,kg,2.0,false,2.0,false,0.0,false,,723.231,723.231,0,false,true
C,A,20230101,2023,52,2023,780,TTO,Trinidad and Tobago,X,Export,76,BRA,Brazil,0,W00,World,H4,HS,true,7508,Nickel; articles thereof n.e.c. in chapter 75,4,false,C00,TOTAL CPC,0,1000,Air,8,kg,2.0,false,8,kg,2.0,false,2.0,false,0.0,false,,723.231,723.231,0,false,true
C,A,20230101,2023,52,2023,780,TTO,Trinidad and Tobago,X,Export,76,BRA,Brazil,0,W00,World,H4,HS,true,7612,"Aluminium casks, drums, cans, boxes etc (including rigid, collapsible tubular containers), for materials other than compressed, liquefied gas, 300l capacity or less, lined, heat-insulated or not",4,false,C00,TOTAL CPC,0,0,TOTAL MOT,8,kg,91.0,false,8,kg,91.0,false,91.0,false,0.0,false,,1221.582,1221.582,0,false,true
C,A,20230101,2023,52,2023,780,TTO,Trinidad and Tobago,X,Export,76,BRA,Brazil,0,W00,World,H4,HS,true,7612,"Aluminium casks, drums, cans, boxes etc (including rigid, collapsible tubular containers), for materials other than compressed, liquefied gas, 300l capacity or less, lined, heat-insulated or not",4,false,C00,TOTAL CPC,0,2100,Sea,8,kg,91.0,false,8,kg,91.0,false,91.0,false,0.0,false,,1221.582,1221.582,0,false,true
C,A,20230101,2023,52,2023,780,TTO,Trinidad and Tobago,X,Export,76,BRA,Brazil,0,W00,World,H4,HS,true,7616,Aluminium; articles n.e.c. in chapter 76,4,false,C00,TOTAL CPC,0,0,TOTAL MOT,8,kg,75.0,false,8,kg,75.0,false,75.0,false,0.0,false,,1000.702,1000.702,0,false,true
C,A,20230101,2023,52,2023,780,TTO,Trinidad and Tobago,X,Export,76,BRA,Brazil,0,W00,World,H4,HS,true,7616,Aluminium; articles n.e.c. in chapter 76,4,false,C00,TOTAL CPC,0,2100,Sea,8,kg,75.0,false,8,kg,75.0,false,75.0,false,0.0,false,,1000.702,1000.702,0,false,true
C,A,20230101,2023,52,2023,780,TTO,Trinidad and Tobago,X,Export,76,BRA,Brazil,0,W00,World,H4,HS,true,8202,"Tools, hand; saws and blades for saws of all kinds (including slitting, slotting or toothless blades)",4,false,C00,TOTAL CPC,0,0,TOTAL MOT,8,kg,1.0,false,8,kg,1.0,false,1.0,false,0.0,false,,14.962,14.962,0,false,true
C,A,20230101,2023,52,2023,780,TTO,Trinidad and Tobago,X,Export,76,BRA,Brazil,0,W00,World,H4,HS,true,8202,"Tools, hand; saws and blades for saws of all kinds (including slitting, slotting or toothless blades)",4,false,C00,TOTAL CPC,0,2100,Sea,8,kg,1.0,false,8,kg,1.0,false,1.0,false,0.0,false,,14.962,14.962,0,false,true
C,A,20230101,2023,52,2023,780,TTO,Trinidad and Tobago,X,Export,76,BRA,Brazil,0,W00,World,H4,HS,true,8203,"Tools, hand; files, rasps, pliers (including cutting pliers), pincers, tweezers, metal cutting shears, pipe cutters, bolt croppers, perforating punches and similar",4,false,C00,TOTAL CPC,0,0,TOTAL MOT,8,kg,837.0,false,8,kg,837.0,false,837.0,false,0.0,false,,11193.639,11193.639,0,false,true
C,A,20230101,2023,52,2023,780,TTO,Trinidad and Tobago,X,Export,76,BRA,Brazil,0,W00,World,H4,HS,true,8203,"Tools, hand; files, rasps, pliers (including cutting pliers), pincers, tweezers, metal cutting shears, pipe cutters, bolt croppers, perforating punches and similar",4,false,C00,TOTAL CPC,0,2100,Sea,8,kg,837.0,false,8,kg,837.0,false,837.0,false,0.0,false,,11193.639,11193.639,0,false,true
C,A,20230101,2023,52,2023,780,TTO,Trinidad and Tobago,X,Export,76,BRA,Brazil,0,W00,World,H4,HS,true,8204,"Tools, hand; hand-operated spanners and wrenches (including torque meter wrenches but not including tap wrenches), interchangeable spanner sockets, with or without handles",4,false,C00,TOTAL CPC,0,0,TOTAL MOT,8,kg,73.0,false,8,kg,73.0,false,73.0,false,0.0,false,,972.555,972.555,0,false,true
C,A,20230101,2023,52,2023,780,TTO,Trinidad and Tobago,X,Export,76,BRA,Brazil,0,W00,World,H4,HS,true,8204,"Tools, hand; hand-operated spanners and wrenches (including torque meter wrenches but not including tap wrenches), interchangeable spanner sockets, with or without handles",4,false,C00,TOTAL CPC,0,2100,Sea,8,kg,73.0,false,8,kg,73.0,false,73.0,false,0.0,false,,972.555,972.555,0,false,true
C,A,20230101,2023,52,2023,780,TTO,Trinidad and Tobago,X,Export,76,BRA,Brazil,0,W00,World,H4,HS,true,8205,"Tools, hand; (including glaziers' diamonds) n.e.c.; blow lamps; vices, clamps etc, other than accessories for and parts of, machine tools; anvils; portable forges; hand or pedal operated grinding wheels with frameworks",4,false,C00,TOTAL CPC,0,0,TOTAL MOT,8,kg,127.0,false,8,kg,127.0,false,127.0,false,0.0,false,,14524.621,14524.621,0,false,true
C,A,20230101,2023,52,2023,780,TTO,Trinidad and Tobago,X,Export,76,BRA,Brazil,0,W00,World,H4,HS,true,8205,"Tools, hand; (including glaziers' diamonds) n.e.c.; blow lamps; vices, clamps etc, other than accessories for and parts of, machine tools; anvils; portable forges; hand or pedal operated grinding wheels with frameworks",4,false,C00,TOTAL CPC,0,1000,Air,8,kg,92.0,false,8,kg,92.0,false,92.0,false,0.0,false,,14065.083,14065.083,0,false,true
C,A,20230101,2023,52,2023,780,TTO,Trinidad and Tobago,X,Export,76,BRA,Brazil,0,W00,World,H4,HS,true,8205,"Tools, hand; (including glaziers' diamonds) n.e.c.; blow lamps; vices, clamps etc, other than accessories for and parts of, machine tools; anvils; portable forges; hand or pedal operated grinding wheels with frameworks",4,false,C00,TOTAL CPC,0,2100,Sea,8,kg,35.0,false,8,kg,35.0,false,35.0,false,0.0,false,,459.538,459.538,0,false,true
C,A,20230101,2023,52,2023,780,TTO,Trinidad and Tobago,X,Export,76,BRA,Brazil,0,W00,World,H4,HS,true,8207,"Tools, interchangeable; for hand tools, whether or not power-operated, or for machine tools (pressing, stamping, punching, drilling etc), including dies for drawing or extruding metal, and rock drilling or earth boring tools",4,false,C00,TOTAL CPC,0,0,TOTAL MOT,8,kg,2208.0,false,8,kg,2208.0,false,2208.0,false,0.0,false,,89334.602,89334.602,0,false,true
C,A,20230101,2023,52,2023,780,TTO,Trinidad and Tobago,X,Export,76,BRA,Brazil,0,W00,World,H4,HS,true,8207,"Tools, interchangeable; for hand tools, whether or not power-operated, or for machine tools (pressing, stamping, punching, drilling etc), including dies for drawing or extruding metal, and rock drilling or earth boring tools",4,false,C00,TOTAL CPC,0,1000,Air,8,kg,403.0,false,8,kg,403.0,false,403.0,false,0.0,false,,65197.318,65197.318,0,false,true
C,A,20230101,2023,52,2023,780,TTO,Trinidad and Tobago,X,Export,76,BRA,Brazil,0,W00,World,H4,HS,true,8207,"Tools, interchangeable; for hand tools, whether or not power-operated, or for machine tools (pressing, stamping, punching, drilling etc), including dies for drawing or extruding metal, and rock drilling or earth boring tools",4,false,C00,TOTAL CPC,0,2100,Sea,8,kg,1805.0,false,8,kg,1805.0,false,1805.0,false,0.0,false,,24137.284,24137.284,0,false,true
C,A,20230101,2023,52,2023,780,TTO,Trinidad and Tobago,X,Export,76,BRA,Brazil,0,W00,World,H4,HS,true,8302,"Base metal mountings, fittings and similar articles for furniture, doors, staircases, windows, trunks, chests etc, castors with mountings of base metal, automatic door closers of base metal",4,false,C00,TOTAL CPC,0,0,TOTAL MOT,8,kg,305.0,false,8,kg,305.0,false,305.0,false,0.0,false,,17090.743,17090.743,0,false,true
C,A,20230101,2023,52,2023,780,TTO,Trinidad and Tobago,X,Export,76,BRA,Brazil,0,W00,World,H4,HS,true,8302,"Base metal mountings, fittings and similar articles for furniture, doors, staircases, windows, trunks, chests etc, castors with mountings of base metal, automatic door closers of base metal",4,false,C00,TOTAL CPC,0,1000,Air,8,kg,305.0,false,8,kg,305.0,false,305.0,false,0.0,false,,17090.743,17090.743,0,false,true
C,A,20230101,2023,52,2023,780,TTO,Trinidad and Tobago,X,Export,76,BRA,Brazil,0,W00,World,H4,HS,true,8404,"Auxiliary plant for use with boilers of heading no. 8402 or 8403; e.g. economisers, super-heaters, soot removers, gas recoverers), condensers for steam or other vapour power units",4,false,C00,TOTAL CPC,0,0,TOTAL MOT,8,kg,38.0,false,5,u,1.0,false,38.0,false,0.0,false,,502.795,502.795,0,false,true
C,A,20230101,2023,52,2023,780,TTO,Trinidad and Tobago,X,Export,76,BRA,Brazil,0,W00,World,H4,HS,true,8404,"Auxiliary plant for use with boilers of heading no. 8402 or 8403; e.g. economisers, super-heaters, soot removers, gas recoverers), condensers for steam or other vapour power units",4,false,C00,TOTAL CPC,0,2100,Sea,8,kg,38.0,false,5,u,1.0,false,38.0,false,0.0,false,,502.795,502.795,0,false,true
C,A,20230101,2023,52,2023,780,TTO,Trinidad and Tobago,X,Export,76,BRA,Brazil,0,W00,World,H4,HS,true,8412,"Engines and motors; n.e.c. (e.g. reaction engines, hydraulic power engines, pneumatic power engines)",4,false,C00,TOTAL CPC,0,0,TOTAL MOT,-1,N/A,0.0,false,-1,N/A,0.0,false,20189.0,false,0.0,false,,675808.991,675808.991,0,false,true
C,A,20230101,2023,52,2023,780,TTO,Trinidad and Tobago,X,Export,76,BRA,Brazil,0,W00,World,H4,HS,true,8412,"Engines and motors; n.e.c. (e.g. reaction engines, hydraulic power engines, pneumatic power engines)",4,false,C00,TOTAL CPC,0,1000,Air,-1,N/A,0.0,false,-1,N/A,0.0,false,2639.0,false,0.0,false,,39203.365,39203.365,0,false,true
C,A,20230101,2023,52,2023,780,TTO,Trinidad and Tobago,X,Export,76,BRA,Brazil,0,W00,World,H4,HS,true,8412,"Engines and motors; n.e.c. (e.g. reaction engines, hydraulic power engines, pneumatic power engines)",4,false,C00,TOTAL CPC,0,2100,Sea,8,kg,17550.0,false,8,kg,17550.0,false,17550.0,false,0.0,false,,636605.626,636605.626,0,false,true
C,A,20230101,2023,52,2023,780,TTO,Trinidad and Tobago,X,Export,76,BRA,Brazil,0,W00,World,H4,HS,true,8413,"Pumps; for liquids, whether or not fitted with measuring device, liquid elevators",4,false,C00,TOTAL CPC,0,0,TOTAL MOT,5,u,405.0,false,5,u,405.0,false,60.0,false,0.0,false,,759.822,759.822,0,false,true
C,A,20230101,2023,52,2023,780,TTO,Trinidad and Tobago,X,Export,76,BRA,Brazil,0,W00,World,H4,HS,true,8413,"Pumps; for liquids, whether or not fitted with measuring device, liquid elevators",4,false,C00,TOTAL CPC,0,2100,Sea,5,u,405.0,false,5,u,405.0,false,60.0,false,0.0,false,,759.822,759.822,0,false,true
C,A,20230101,2023,52,2023,780,TTO,Trinidad and Tobago,X,Export,76,BRA,Brazil,0,W00,World,H4,HS,true,8421,"Centrifuges, including centrifugal dryers; filtering or purifying machinery and apparatus for liquids or gases",4,false,C00,TOTAL CPC,0,0,TOTAL MOT,5,u,271.0,false,5,u,271.0,false,3067.0,false,0.0,false,,53936.126,53936.126,0,false,true
C,A,20230101,2023,52,2023,780,TTO,Trinidad and Tobago,X,Export,76,BRA,Brazil,0,W00,World,H4,HS,true,8421,"Centrifuges, including centrifugal dryers; filtering or purifying machinery and apparatus for liquids or gases",4,false,C00,TOTAL CPC,0,1000,Air,5,u,50.0,false,5,u,50.0,false,484.0,false,0.0,false,,9593.109,9593.109,0,false,true
C,A,20230101,2023,52,2023,780,TTO,Trinidad and Tobago,X,Export,76,BRA,Brazil,0,W00,World,H4,HS,true,8421,"Centrifuges, including centrifugal dryers; filtering or purifying machinery and apparatus for liquids or gases",4,false,C00,TOTAL CPC,0,2100,Sea,5,u,221.0,false,5,u,221.0,false,2583.0,false,0.0,false,,44343.017,44343.017,0,false,true
C,A,20230101,2023,52,2023,780,TTO,Trinidad and Tobago,X,Export,76,BRA,Brazil,0,W00,World,H4,HS,true,8425,Pulley tackle and hoists other than skip hoists; winches and capstans; jacks,4,false,C00,TOTAL CPC,0,0,TOTAL MOT,5,u,12.0,false,5,u,12.0,false,1166.0,false,0.0,false,,30813.173,30813.173,0,false,true
C,A,20230101,2023,52,2023,780,TTO,Trinidad and Tobago,X,Export,76,BRA,Brazil,0,W00,World,H4,HS,true,8425,Pulley tackle and hoists other than skip hoists; winches and capstans; jacks,4,false,C00,TOTAL CPC,0,1000,Air,5,u,7.0,false,5,u,7.0,false,1050.0,false,0.0,false,,29270.418,29270.418,0,false,true
C,A,20230101,2023,52,2023,780,TTO,Trinidad and Tobago,X,Export,76,BRA,Brazil,0,W00,World,H4,HS,true,8425,Pulley tackle and hoists other than skip hoists; winches and capstans; jacks,4,false,C00,TOTAL CPC,0,2100,Sea,5,u,5.0,false,5,u,5.0,false,116.0,false,0.0,false,,1542.755,1542.755,0,false,true
C,A,20230101,2023,52,2023,780,TTO,Trinidad and Tobago,X,Export,76,BRA,Brazil,0,W00,World,H4,HS,true,8428,"Lifting, handling, loading or unloading machinery; n.e.c. in heading no. 8425, 8426 or 8427 (e.g. lifts, escalators, conveyors, teleferics)",4,false,C00,TOTAL CPC,0,0,TOTAL MOT,5,u,25.0,false,5,u,25.0,false,3931.0,false,0.0,false,,52585.215,52585.215,0,false,true
C,A,20230101,2023,52,2023,780,TTO,Trinidad and Tobago,X,Export,76,BRA,Brazil,0,W00,World,H4,HS,true,8428,"Lifting, handling, loading or unloading machinery; n.e.c. in heading no. 8425, 8426 or 8427 (e.g. lifts, escalators, conveyors, teleferics)",4,false,C00,TOTAL CPC,0,2100,Sea,5,u,25.0,false,5,u,25.0,false,3931.0,false,0.0,false,,52585.215,52585.215,0,false,true
C,A,20230101,2023,52,2023,780,TTO,Trinidad and Tobago,X,Export,76,BRA,Brazil,0,W00,World,H4,HS,true,8431,Machinery parts; used solely or principally with the machinery of heading no. 8425 to 8430,4,false,C00,TOTAL CPC,0,0,TOTAL MOT,8,kg,22732.0,false,8,kg,22732.0,false,22732.0,false,0.0,false,,1312431.209,1312431.209,0,false,true
C,A,20230101,2023,52,2023,780,TTO,Trinidad and Tobago,X,Export,76,BRA,Brazil,0,W00,World,H4,HS,true,8431,Machinery parts; used solely or principally with the machinery of heading no. 8425 to 8430,4,false,C00,TOTAL CPC,0,1000,Air,8,kg,11305.0,false,8,kg,11305.0,false,11305.0,false,0.0,false,,954074.62,954074.62,0,false,true
C,A,20230101,2023,52,2023,780,TTO,Trinidad and Tobago,X,Export,76,BRA,Brazil,0,W00,World,H4,HS,true,8431,Machinery parts; used solely or principally with the machinery of heading no. 8425 to 8430,4,false,C00,TOTAL CPC,0,2100,Sea,8,kg,11427.0,false,8,kg,11427.0,false,11427.0,false,0.0,false,,358356.59,358356.59,0,false,true
C,A,20230101,2023,52,2023,780,TTO,Trinidad and Tobago,X,Export,76,BRA,Brazil,0,W00,World,H4,HS,true,8461,"Machine-tools; for planing, shaping, slotting, broaching, gear cutting and grinding, finishing, sawing, cutting off and other tools working by removing metal, sintered metal carbides or cermets n.e.c.",4,false,C00,TOTAL CPC,0,0,TOTAL MOT,5,u,1.0,false,5,u,1.0,false,77.0,false,0.0,false,,1028.997,1028.997,0,false,true
C,A,20230101,2023,52,2023,780,TTO,Trinidad and Tobago,X,Export,76,BRA,Brazil,0,W00,World,H4,HS,true,8461,"Machine-tools; for planing, shaping, slotting, broaching, gear cutting and grinding, finishing, sawing, cutting off and other tools working by removing metal, sintered metal carbides or cermets n.e.c.",4,false,C00,TOTAL CPC,0,2100,Sea,5,u,1.0,false,5,u,1.0,false,77.0,false,0.0,false,,1028.997,1028.997,0,false,true
C,A,20230101,2023,52,2023,780,TTO,Trinidad and Tobago,X,Export,76,BRA,Brazil,0,W00,World,H4,HS,true,8465,"Machine-tools; (including machines for nailing, stapling, glueing or otherwise assembling) for working wood, cork, bone, hard plastics or rubber or similar hard materials",4,false,C00,TOTAL CPC,0,0,TOTAL MOT,5,u,1.0,false,5,u,1.0,false,10.0,false,0.0,false,,138.809,138.809,0,false,true
C,A,20230101,2023,52,2023,780,TTO,Trinidad and Tobago,X,Export,76,BRA,Brazil,0,W00,World,H4,HS,true,8465,"Machine-tools; (including machines for nailing, stapling, glueing or otherwise assembling) for working wood, cork, bone, hard plastics or rubber or similar hard materials",4,false,C00,TOTAL CPC,0,2100,Sea,5,u,1.0,false,5,u,1.0,false,10.0,false,0.0,false,,138.809,138.809,0,false,true
C,A,20230101,2023,52,2023,780,TTO,Trinidad and Tobago,X,Export,76,BRA,Brazil,0,W00,World,H4,HS,true,8467,"Tools; for working in the hand, pneumatic, hydraulic or with self-contained electric or non-electric motor",4,false,C00,TOTAL CPC,0,0,TOTAL MOT,-1,N/A,0.0,false,-1,N/A,0.0,false,1274.0,false,0.0,false,,17041.708,17041.708,0,false,true
C,A,20230101,2023,52,2023,780,TTO,Trinidad and Tobago,X,Export,76,BRA,Brazil,0,W00,World,H4,HS,true,8467,"Tools; for working in the hand, pneumatic, hydraulic or with self-contained electric or non-electric motor",4,false,C00,TOTAL CPC,0,2100,Sea,-1,N/A,0.0,false,-1,N/A,0.0,false,1274.0,false,0.0,false,,17041.708,17041.708,0,false,true
C,A,20230101,2023,52,2023,780,TTO,Trinidad and Tobago,X,Export,76,BRA,Brazil,0,W00,World,H4,HS,true,8468,"Machinery and apparatus for soldering, brazing, welding, whether or not capable of cutting, other than those of heading no. 8515; gas-operated surface tempering machines and appliances",4,false,C00,TOTAL CPC,0,0,TOTAL MOT,5,u,12.0,false,5,u,12.0,false,1303.0,false,0.0,false,,17429.248,17429.248,0,false,true
C,A,20230101,2023,52,2023,780,TTO,Trinidad and Tobago,X,Export,76,BRA,Brazil,0,W00,World,H4,HS,true,8468,"Machinery and apparatus for soldering, brazing, welding, whether or not capable of cutting, other than those of heading no. 8515; gas-operated surface tempering machines and appliances",4,false,C00,TOTAL CPC,0,2100,Sea,5,u,12.0,false,5,u,12.0,false,1303.0,false,0.0,false,,17429.248,17429.248,0,false,true
C,A,20230101,2023,52,2023,780,TTO,Trinidad and Tobago,X,Export,76,BRA,Brazil,0,W00,World,H4,HS,true,8474,"Machinery for sorting, screening, separating, washing, crushing, grinding, mixing or kneading earth, stone, ores in solid form, shaping, moulding machinery for solid mineral fuels",4,false,C00,TOTAL CPC,0,0,TOTAL MOT,8,kg,747.0,false,8,kg,747.0,false,747.0,false,0.0,false,,27726.922,27726.922,0,false,true
C,A,20230101,2023,52,2023,780,TTO,Trinidad and Tobago,X,Export,76,BRA,Brazil,0,W00,World,H4,HS,true,8474,"Machinery for sorting, screening, separating, washing, crushing, grinding, mixing or kneading earth, stone, ores in solid form, shaping, moulding machinery for solid mineral fuels",4,false,C00,TOTAL CPC,0,1000,Air,8,kg,747.0,false,8,kg,747.0,false,747.0,false,0.0,false,,27726.922,27726.922,0,false,true
C,A,20230101,2023,52,2023,780,TTO,Trinidad and Tobago,X,Export,76,BRA,Brazil,0,W00,World,H4,HS,true,8479,"Machinery and mechanical appliances; having individual functions, n.e.c. in this chapter",4,false,C00,TOTAL CPC,0,0,TOTAL MOT,-1,N/A,0.0,false,-1,N/A,0.0,false,309.0,false,0.0,false,,23798.779,23798.779,0,false,true
C,A,20230101,2023,52,2023,780,TTO,Trinidad and Tobago,X,Export,76,BRA,Brazil,0,W00,World,H4,HS,true,8479,"Machinery and mechanical appliances; having individual functions, n.e.c. in this chapter",4,false,C00,TOTAL CPC,0,1000,Air,-1,N/A,0.0,false,-1,N/A,0.0,false,309.0,false,0.0,false,,23798.779,23798.779,0,false,true
C,A,20230101,2023,52,2023,780,TTO,Trinidad and Tobago,X,Export,76,BRA,Brazil,0,W00,World,H4,HS,true,8481,"Taps, cocks, valves and similar appliances for pipes, boiler shells, tanks, vats or the like, including pressure-reducing valves and thermostatically controlled valves",4,false,C00,TOTAL CPC,0,0,TOTAL MOT,8,kg,4554.0,false,8,kg,4554.0,false,4554.0,false,0.0,false,,154830.13,154830.13,0,false,true
C,A,20230101,2023,52,2023,780,TTO,Trinidad and Tobago,X,Export,76,BRA,Brazil,0,W00,World,H4,HS,true,8481,"Taps, cocks, valves and similar appliances for pipes, boiler shells, tanks, vats or the like, including pressure-reducing valves and thermostatically controlled valves",4,false,C00,TOTAL CPC,0,1000,Air,8,kg,4554.0,false,8,kg,4554.0,false,4554.0,false,0.0,false,,154830.13,154830.13,0,false,true
C,A,20230101,2023,52,2023,780,TTO,Trinidad and Tobago,X,Export,76,BRA,Brazil,0,W00,World,H4,HS,true,8484,"Gaskets and similar joints of metal sheeting combined with other material or of two or more layers of metal; sets or assortments of gaskets and similar joints, dissimilar in composition, put up in pouches, envelopes or similar packings; mechanical seals",4,false,C00,TOTAL CPC,0,0,TOTAL MOT,8,kg,2.0,false,8,kg,2.0,false,2.0,false,0.0,false,,8378.785,8378.785,0,false,true
C,A,20230101,2023,52,2023,780,TTO,Trinidad and Tobago,X,Export,76,BRA,Brazil,0,W00,World,H4,HS,true,8484,"Gaskets and similar joints of metal sheeting combined with other material or of two or more layers of metal; sets or assortments of gaskets and similar joints, dissimilar in composition, put up in pouches, envelopes or similar packings; mechanical seals",4,false,C00,TOTAL CPC,0,1000,Air,8,kg,2.0,false,8,kg,2.0,false,2.0,false,0.0,false,,8378.785,8378.785,0,false,true
C,A,20230101,2023,52,2023,780,TTO,Trinidad and Tobago,X,Export,76,BRA,Brazil,0,W00,World,H4,HS,true,8504,"Electric transformers, static converters (e.g. rectifiers) and inductors",4,false,C00,TOTAL CPC,0,0,TOTAL MOT,5,u,1.0,false,5,u,1.0,false,12.21,true,0.0,false,,412.28,412.28,4,false,true
C,A,20230101,2023,52,2023,780,TTO,Trinidad and Tobago,X,Export,76,BRA,Brazil,0,W00,World,H4,HS,true,8504,"Electric transformers, static converters (e.g. rectifiers) and inductors",4,false,C00,TOTAL CPC,0,1000,Air,5,u,1.0,false,5,u,1.0,false,12.21,true,0.0,false,,412.28,412.28,4,false,true
C,A,20230101,2023,52,2023,780,TTO,Trinidad and Tobago,X,Export,76,BRA,Brazil,0,W00,World,H4,HS,true,8506,Cells and batteries; primary,4,false,C00,TOTAL CPC,0,0,TOTAL MOT,5,u,3.0,false,5,u,3.0,false,17.0,false,0.0,false,,7233.052,7233.052,0,false,true
C,A,20230101,2023,52,2023,780,TTO,Trinidad and Tobago,X,Export,76,BRA,Brazil,0,W00,World,H4,HS,true,8506,Cells and batteries; primary,4,false,C00,TOTAL CPC,0,1000,Air,5,u,2.0,false,5,u,2.0,false,8.0,false,0.0,false,,7112.02,7112.02,0,false,true
C,A,20230101,2023,52,2023,780,TTO,Trinidad and Tobago,X,Export,76,BRA,Brazil,0,W00,World,H4,HS,true,8506,Cells and batteries; primary,4,false,C00,TOTAL CPC,0,2100,Sea,5,u,1.0,false,5,u,1.0,false,9.0,false,0.0,false,,121.032,121.032,0,false,true
C,A,20230101,2023,52,2023,780,TTO,Trinidad and Tobago,X,Export,76,BRA,Brazil,0,W00,World,H4,HS,true,8508,Vacuum cleaners,4,false,C00,TOTAL CPC,0,0,TOTAL MOT,5,u,1.0,false,5,u,1.0,false,8.0,false,0.0,false,,110.218,110.218,0,false,true
C,A,20230101,2023,52,2023,780,TTO,Trinidad and Tobago,X,Export,76,BRA,Brazil,0,W00,World,H4,HS,true,8508,Vacuum cleaners,4,false,C00,TOTAL CPC,0,2100,Sea,5,u,1.0,false,5,u,1.0,false,8.0,false,0.0,false,,110.218,110.218,0,false,true
C,A,20230101,2023,52,2023,780,TTO,Trinidad and Tobago,X,Export,76,BRA,Brazil,0,W00,World,H4,HS,true,8515,"Electric (electrically heated gas) soldering, brazing, welding machines and apparatus, capable or not of cutting, electric machines and apparatus for hot spraying of metals or sintered carbides",4,false,C00,TOTAL CPC,0,0,TOTAL MOT,5,u,3.0,false,5,u,3.0,false,158.0,false,0.0,false,,2108.362,2108.362,0,false,true
C,A,20230101,2023,52,2023,780,TTO,Trinidad and Tobago,X,Export,76,BRA,Brazil,0,W00,World,H4,HS,true,8515,"Electric (electrically heated gas) soldering, brazing, welding machines and apparatus, capable or not of cutting, electric machines and apparatus for hot spraying of metals or sintered carbides",4,false,C00,TOTAL CPC,0,2100,Sea,5,u,3.0,false,5,u,3.0,false,158.0,false,0.0,false,,2108.362,2108.362,0,false,true
C,A,20230101,2023,52,2023,780,TTO,Trinidad and Tobago,X,Export,76,BRA,Brazil,0,W00,World,H4,HS,true,8517,"Telephone sets, including telephones for cellular networks or for other wireless networks; other apparatus for the transmission or reception of voice, images or other data (including wired/wireless networks), excluding items of 8443, 8525, 8527, or 8528",4,false,C00,TOTAL CPC,0,0,TOTAL MOT,5,u,1.0,false,5,u,1.0,false,15.0,false,0.0,false,,10699.88,10699.88,0,false,true
C,A,20230101,2023,52,2023,780,TTO,Trinidad and Tobago,X,Export,76,BRA,Brazil,0,W00,World,H4,HS,true,8517,"Telephone sets, including telephones for cellular networks or for other wireless networks; other apparatus for the transmission or reception of voice, images or other data (including wired/wireless networks), excluding items of 8443, 8525, 8527, or 8528",4,false,C00,TOTAL CPC,0,1000,Air,5,u,1.0,false,5,u,1.0,false,15.0,false,0.0,false,,10699.88,10699.88,0,false,true
C,A,20230101,2023,52,2023,780,TTO,Trinidad and Tobago,X,Export,76,BRA,Brazil,0,W00,World,H4,HS,true,8531,"Signalling apparatus; electric sound or visual (e.g. bells, sirens, indicator panels, burglar or fire alarms), excluding those of heading no. 8512 or 8530",4,false,C00,TOTAL CPC,0,0,TOTAL MOT,5,u,1.0,false,5,u,1.0,false,217.0,false,0.0,false,,7891.101,7891.101,0,false,true
C,A,20230101,2023,52,2023,780,TTO,Trinidad and Tobago,X,Export,76,BRA,Brazil,0,W00,World,H4,HS,true,8531,"Signalling apparatus; electric sound or visual (e.g. bells, sirens, indicator panels, burglar or fire alarms), excluding those of heading no. 8512 or 8530",4,false,C00,TOTAL CPC,0,2100,Sea,5,u,1.0,false,5,u,1.0,false,217.0,false,0.0,false,,7891.101,7891.101,0,false,true
C,A,20230101,2023,52,2023,780,TTO,Trinidad and Tobago,X,Export,76,BRA,Brazil,0,W00,World,H4,HS,true,8536,"Electrical apparatus for switching, protecting electrical circuits, for making connections to or in electrical circuits, for a voltage not exceeding 1000 volts; connectors for optical fibres, optical fibre bundles or cables",4,false,C00,TOTAL CPC,0,0,TOTAL MOT,8,kg,1.0,false,8,kg,1.0,false,1.0,false,0.0,false,,45.776,45.776,0,false,true
C,A,20230101,2023,52,2023,780,TTO,Trinidad and Tobago,X,Export,76,BRA,Brazil,0,W00,World,H4,HS,true,8536,"Electrical apparatus for switching, protecting electrical circuits, for making connections to or in electrical circuits, for a voltage not exceeding 1000 volts; connectors for optical fibres, optical fibre bundles or cables",4,false,C00,TOTAL CPC,0,1000,Air,8,kg,1.0,false,8,kg,1.0,false,1.0,false,0.0,false,,45.776,45.776,0,false,true
C,A,20230101,2023,52,2023,780,TTO,Trinidad and Tobago,X,Export,76,BRA,Brazil,0,W00,World,H4,HS,true,8537,"Boards, panels, consoles, desks, cabinets, bases with apparatus of heading no. 8535, 8536 for electricity control and distribution, (other than switching apparatus of heading no. 8517)",4,false,C00,TOTAL CPC,0,0,TOTAL MOT,8,kg,43.0,false,8,kg,43.0,false,43.0,false,0.0,false,,573.311,573.311,0,false,true
C,A,20230101,2023,52,2023,780,TTO,Trinidad and Tobago,X,Export,76,BRA,Brazil,0,W00,World,H4,HS,true,8537,"Boards, panels, consoles, desks, cabinets, bases with apparatus of heading no. 8535, 8536 for electricity control and distribution, (other than switching apparatus of heading no. 8517)",4,false,C00,TOTAL CPC,0,2100,Sea,8,kg,43.0,false,8,kg,43.0,false,43.0,false,0.0,false,,573.311,573.311,0,false,true
C,A,20230101,2023,52,2023,780,TTO,Trinidad and Tobago,X,Export,76,BRA,Brazil,0,W00,World,H4,HS,true,8543,"Electrical machines and apparatus; having individual functions, not specified or included elsewhere in this chapter",4,false,C00,TOTAL CPC,0,0,TOTAL MOT,8,kg,1.0,false,8,kg,1.0,false,1.0,false,0.0,false,,1560.088,1560.088,0,false,true
C,A,20230101,2023,52,2023,780,TTO,Trinidad and Tobago,X,Export,76,BRA,Brazil,0,W00,World,H4,HS,true,8543,"Electrical machines and apparatus; having individual functions, not specified or included elsewhere in this chapter",4,false,C00,TOTAL CPC,0,1000,Air,8,kg,1.0,false,8,kg,1.0,false,1.0,false,0.0,false,,1560.088,1560.088,0,false,true
C,A,20230101,2023,52,2023,780,TTO,Trinidad and Tobago,X,Export,76,BRA,Brazil,0,W00,World,H4,HS,true,8544,"Insulated wire, cable and other electric conductors, connector fitted or not; optical fibre cables of individually sheathed fibres, whether or not assembled with electric conductors or fitted with connectors",4,false,C00,TOTAL CPC,0,0,TOTAL MOT,8,kg,93.0,false,8,kg,93.0,false,93.0,false,0.0,false,,1239.063,1239.063,0,false,true
C,A,20230101,2023,52,2023,780,TTO,Trinidad and Tobago,X,Export,76,BRA,Brazil,0,W00,World,H4,HS,true,8544,"Insulated wire, cable and other electric conductors, connector fitted or not; optical fibre cables of individually sheathed fibres, whether or not assembled with electric conductors or fitted with connectors",4,false,C00,TOTAL CPC,0,2100,Sea,8,kg,93.0,false,8,kg,93.0,false,93.0,false,0.0,false,,1239.063,1239.063,0,false,true
C,A,20230101,2023,52,2023,780,TTO,Trinidad and Tobago,X,Export,76,BRA,Brazil,0,W00,World,H4,HS,true,8609,Containers; (including containers for transport of fluids) specially designed and equipped for carriage by one or more modes of transport,4,false,C00,TOTAL CPC,0,0,TOTAL MOT,5,u,1.0,false,5,u,1.0,false,119.0,false,0.0,false,,1590.605,1590.605,0,false,true
C,A,20230101,2023,52,2023,780,TTO,Trinidad and Tobago,X,Export,76,BRA,Brazil,0,W00,World,H4,HS,true,8609,Containers; (including containers for transport of fluids) specially designed and equipped for carriage by one or more modes of transport,4,false,C00,TOTAL CPC,0,2100,Sea,5,u,1.0,false,5,u,1.0,false,119.0,false,0.0,false,,1590.605,1590.605,0,false,true
C,A,20230101,2023,52,2023,780,TTO,Trinidad and Tobago,X,Export,76,BRA,Brazil,0,W00,World,H4,HS,true,8716,"Trailers and semi-trailers; other vehicles, not mechanically propelled; parts thereof",4,false,C00,TOTAL CPC,0,0,TOTAL MOT,5,u,2.0,false,5,u,2.0,false,127.0,false,0.0,false,,1697.564,1697.564,0,false,true
C,A,20230101,2023,52,2023,780,TTO,Trinidad and Tobago,X,Export,76,BRA,Brazil,0,W00,World,H4,HS,true,8716,"Trailers and semi-trailers; other vehicles, not mechanically propelled; parts thereof",4,false,C00,TOTAL CPC,0,2100,Sea,5,u,2.0,false,5,u,2.0,false,127.0,false,0.0,false,,1697.564,1697.564,0,false,true
C,A,20230101,2023,52,2023,780,TTO,Trinidad and Tobago,X,Export,76,BRA,Brazil,0,W00,World,H4,HS,true,9015,"Surveying (including photogrammetrical surveying), hydrographic, oceanographic, hydrological, meteorological or geophysical instruments and appliances, excluding compasses, rangefinders",4,false,C00,TOTAL CPC,0,0,TOTAL MOT,8,kg,94.0,false,8,kg,94.0,false,94.0,false,0.0,false,,4167.986,4167.986,0,false,true
C,A,20230101,2023,52,2023,780,TTO,Trinidad and Tobago,X,Export,76,BRA,Brazil,0,W00,World,H4,HS,true,9015,"Surveying (including photogrammetrical surveying), hydrographic, oceanographic, hydrological, meteorological or geophysical instruments and appliances, excluding compasses, rangefinders",4,false,C00,TOTAL CPC,0,1000,Air,8,kg,27.0,false,8,kg,27.0,false,27.0,false,0.0,false,,3266.984,3266.984,0,false,true
C,A,20230101,2023,52,2023,780,TTO,Trinidad and Tobago,X,Export,76,BRA,Brazil,0,W00,World,H4,HS,true,9015,"Surveying (including photogrammetrical surveying), hydrographic, oceanographic, hydrological, meteorological or geophysical instruments and appliances, excluding compasses, rangefinders",4,false,C00,TOTAL CPC,0,2100,Sea,8,kg,67.0,false,8,kg,67.0,false,67.0,false,0.0,false,,901.002,901.002,0,false,true
C,A,20230101,2023,52,2023,780,TTO,Trinidad and Tobago,X,Export,76,BRA,Brazil,0,W00,World,H4,HS,true,9026,"Instruments, apparatus for measuring or checking the flow, level, pressure of liquids, gases (e.g. flow meters, heat meters etc), not instruments and apparatus of heading no. 9014, 9015, 9028 or 9032",4,false,C00,TOTAL CPC,0,0,TOTAL MOT,5,u,5.0,false,5,u,5.0,false,35.0,false,0.0,false,,464.13,464.13,0,false,true
C,A,20230101,2023,52,2023,780,TTO,Trinidad and Tobago,X,Export,76,BRA,Brazil,0,W00,World,H4,HS,true,9026,"Instruments, apparatus for measuring or checking the flow, level, pressure of liquids, gases (e.g. flow meters, heat meters etc), not instruments and apparatus of heading no. 9014, 9015, 9028 or 9032",4,false,C00,TOTAL CPC,0,2100,Sea,5,u,5.0,false,5,u,5.0,false,35.0,false,0.0,false,,464.13,464.13,0,false,true
C,A,20230101,2023,52,2023,780,TTO,Trinidad and Tobago,X,Export,76,BRA,Brazil,0,W00,World,H4,HS,true,9027,"Instruments and apparatus; for physical or chemical analysis (e.g. polarimeters, spectrometers), for measuring or checking viscosity, porosity, etc, for measuring quantities of heat, sound or light",4,false,C00,TOTAL CPC,0,0,TOTAL MOT,5,u,1.0,false,5,u,1.0,false,64.0,false,0.0,false,,8075.39,8075.39,0,false,true
C,A,20230101,2023,52,2023,780,TTO,Trinidad and Tobago,X,Export,76,BRA,Brazil,0,W00,World,H4,HS,true,9027,"Instruments and apparatus; for physical or chemical analysis (e.g. polarimeters, spectrometers), for measuring or checking viscosity, porosity, etc, for measuring quantities of heat, sound or light",4,false,C00,TOTAL CPC,0,1000,Air,5,u,1.0,false,5,u,1.0,false,64.0,false,0.0,false,,8075.39,8075.39,0,false,true
C,A,20230101,2023,52,2023,780,TTO,Trinidad and Tobago,X,Export,76,BRA,Brazil,0,W00,World,H4,HS,true,9032,Regulating or controlling instruments and apparatus; automatic type,4,false,C00,TOTAL CPC,0,0,TOTAL MOT,5,u,2.0,false,5,u,2.0,false,519.0,false,0.0,false,,15797.016,15797.016,0,false,true
C,A,20230101,2023,52,2023,780,TTO,Trinidad and Tobago,X,Export,76,BRA,Brazil,0,W00,World,H4,HS,true,9032,Regulating or controlling instruments and apparatus; automatic type,4,false,C00,TOTAL CPC,0,1000,Air,5,u,2.0,false,5,u,2.0,false,519.0,false,0.0,false,,15797.016,15797.016,0,false,true
C,A,20230101,2023,52,2023,780,TTO,Trinidad and Tobago,X,Export,76,BRA,Brazil,0,W00,World,H4,HS,true,9405,"Lamps, light fittings; including searchlights, spotlights and parts thereof, n.e.c.; illuminated signs, name-plates and the like, having permanently fixed light source and parts thereof n.e.c. or included",4,false,C00,TOTAL CPC,0,0,TOTAL MOT,8,kg,40.0,false,8,kg,40.0,false,40.0,false,0.0,false,,531.09,531.09,0,false,true
C,A,20230101,2023,52,2023,780,TTO,Trinidad and Tobago,X,Export,76,BRA,Brazil,0,W00,World,H4,HS,true,9405,"Lamps, light fittings; including searchlights, spotlights and parts thereof, n.e.c.; illuminated signs, name-plates and the like, having permanently fixed light source and parts thereof n.e.c. or included",4,false,C00,TOTAL CPC,0,2100,Sea,8,kg,40.0,false,8,kg,40.0,false,40.0,false,0.0,false,,531.09,531.09,0,false,true
C,A,20230101,2023,52,2023,780,TTO,Trinidad and Tobago,X,Export,76,BRA,Brazil,0,W00,World,H4,HS,true,9603,"Brooms, brushes (including parts of machines), hand operated floor sweepers, mops and feather dusters; knots and tufts for broom or brush making; paint pads and rollers; squeegees",4,false,C00,TOTAL CPC,0,0,TOTAL MOT,5,u,1.0,false,5,u,1.0,false,68.0,false,0.0,false,,905.15,905.15,0,false,true
C,A,20230101,2023,52,2023,780,TTO,Trinidad and Tobago,X,Export,76,BRA,Brazil,0,W00,World,H4,HS,true,9603,"Brooms, brushes (including parts of machines), hand operated floor sweepers, mops and feather dusters; knots and tufts for broom or brush making; paint pads and rollers; squeegees",4,false,C00,TOTAL CPC,0,2100,Sea,5,u,1.0,false,5,u,1.0,false,68.0,false,0.0,false,,905.15,905.15,0,false,true
C,A,20230101,2023,52,2023,780,TTO,Trinidad and Tobago,X,Export,76,BRA,Brazil,0,W00,World,H4,HS,true,9999,Commodities not specified according to kind,4,false,C00,TOTAL CPC,0,0,TOTAL MOT,-1,N/A,0.0,false,-1,N/A,0.0,false,0.0,false,0.0,false,,23551.529,23551.529,0,false,true
C,A,20230101,2023,52,2023,780,TTO,Trinidad and Tobago,X,Export,76,BRA,Brazil,0,W00,World,H4,HS,true,9999,Commodities not specified according to kind,4,false,C00,TOTAL CPC,0,1000,Air,-1,N/A,0.0,false,-1,N/A,0.0,false,0.0,false,0.0,false,,2811.594,2811.594,0,false,true
C,A,20230101,2023,52,2023,780,TTO,Trinidad and Tobago,X,Export,76,BRA,Brazil,0,W00,World,H4,HS,true,9999,Commodities not specified according to kind,4,false,C00,TOTAL CPC,0,2100,Sea,-1,N/A,0.0,false,-1,N/A,0.0,false,0.0,false,0.0,false,,20739.935,20739.935,0,false,true
